i-th device,j-th device,n-th challenge,dist
0,1,0,0.45104999999998263
0,1,1,0.4037999999999815
0,1,2,0.45334999999998105
0,1,3,0.4749999999999824
0,1,4,0.44984999999998193
0,1,5,0.4935999999999815
0,1,6,0.5485999999999954
0,1,7,0.47529999999998335
0,1,8,0.4949499999999876
0,1,9,0.48394999999998234
