i-th device,j-th device,n-th challenge,dist
0,1,0,0.30744999999999995
0,1,1,0.34419999999999973
0,1,2,0.32319999999999965
0,1,3,0.41254999999999986
0,1,4,0.3889500000000001
0,1,5,0.4853999999999999
0,1,6,0.3302999999999999
0,1,7,0.4173999999999997
0,1,8,0.3833999999999997
0,1,9,0.2899999999999997
