i-th device,j-th device,n-th challenge,dist
0,1,0,0.733550000000169
0,1,1,0.721450000000135
0,1,2,0.703800000000039
0,1,3,0.7366500000002172
0,1,4,0.739000000000144
0,1,5,0.6572500000000834
0,1,6,0.721900000000149
0,1,7,0.7638000000002236
0,1,8,0.7135000000000936
0,1,9,0.831550000000198
