i-th device,j-th device,n-th challenge,dist
0,1,0,0.4273999999999988
0,1,1,0.41319999999999873
0,1,2,0.36119999999999947
0,1,3,0.4711999999999999
0,1,4,0.4223999999999991
0,1,5,0.4617999999999988
0,1,6,0.4961999999999988
0,1,7,0.4614000000000002
0,1,8,0.45559999999999945
0,1,9,0.44919999999999904
