i-th device,j-th device,n-th challenge,dist
0,1,0,0.606799999999978
0,1,1,0.5685999999999808
0,1,2,0.6037999999999782
0,1,3,0.6113999999999792
0,1,4,0.59919999999998
0,1,5,0.6299999999999786
0,1,6,0.7117999999999775
0,1,7,0.6239999999999788
0,1,8,0.6163999999999817
0,1,9,0.5743999999999809
