i-th device,j-th device,n-th challenge,dist
0,1,0,0.33740000000000014
0,1,1,0.3758999999999998
0,1,2,0.3645999999999997
0,1,3,0.3153000000000001
0,1,4,0.32080000000000003
0,1,5,0.46849999999999953
0,1,6,0.3543999999999996
0,1,7,0.43669999999999964
0,1,8,0.38580000000000003
0,1,9,0.2895999999999996
