i-th device,j-th device,n-th challenge,dist
0,1,0,0.37329999999999847
0,1,1,0.350049999999998
0,1,2,0.3521999999999984
0,1,3,0.4123999999999972
0,1,4,0.3483999999999984
0,1,5,0.39084999999999703
0,1,6,0.43869999999999765
0,1,7,0.3993999999999986
0,1,8,0.3760499999999985
0,1,9,0.36879999999999746
