i-th device,j-th device,n-th challenge,dist
0,1,0,0.4954999999999818
0,1,1,0.4902999999999801
0,1,2,0.4977999999999819
0,1,3,0.5207999999999818
0,1,4,0.4788999999999811
0,1,5,0.5037999999999803
0,1,6,0.5643999999999827
0,1,7,0.5200999999999824
0,1,8,0.5179999999999853
0,1,9,0.46199999999998265
