i-th device,j-th device,n-th challenge,dist
0,1,0,0.3328000000000001
0,1,1,0.3784000000000002
0,1,2,0.3136
0,1,3,0.47280000000000005
0,1,4,0.39580000000000004
0,1,5,0.4952000000000001
0,1,6,0.36259999999999987
0,1,7,0.44560000000000005
0,1,8,0.42460000000000003
0,1,9,0.3553999999999997
