i-th device,j-th device,n-th challenge,dist
0,1,0,0.4267999999999976
0,1,1,0.39939999999999776
0,1,2,0.41209999999999636
0,1,3,0.4588999999999989
0,1,4,0.37649999999999834
0,1,5,0.450399999999997
0,1,6,0.4797999999999977
0,1,7,0.4728999999999984
0,1,8,0.44039999999999796
0,1,9,0.4616999999999976
